name,logo,description
Standard Partner 1,https://placehold.co/180x100/2a2a2a/d1d5db?text=Partner+1,First partner company
Standard Partner 2,https://placehold.co/180x100/2a2a2a/d1d5db?text=Partner+2,Second partner company
Standard Partner 3,https://placehold.co/180x100/2a2a2a/d1d5db?text=Partner+3,Third partner company
Standard Partner 4,https://placehold.co/180x100/2a2a2a/d1d5db?text=Partner+4,Fourth partner company
Standard Partner 5,https://placehold.co/180x100/2a2a2a/d1d5db?text=Partner+5,Fifth partner company
Standard Partner 6,https://placehold.co/180x100/2a2a2a/d1d5db?text=Partner+6,Sixth partner company
Standard Partner 7,https://placehold.co/180x100/2a2a2a/d1d5db?text=Partner+7,Seventh partner company
Standard Partner 8,https://placehold.co/180x100/2a2a2a/d1d5db?text=Partner+8,Eighth partner company
Standard Partner 9,https://placehold.co/180x100/2a2a2a/d1d5db?text=Partner+9,Ninth partner company
